address,weight,weight_fraction,power
15j4dg5GzsL1bw2U2AWgeyAk6QTxq43V7ZPbXdAmbVLjvDCK,32116,0.3593117182430467,0.38461538461538464
14Ns6kKbCoka3MS4Hn6b7oRw9fFejG8RH5rq5j63cWUfpPDJ,20127,0.22517956635564207,0.23076923076923078
12ptvyToMoRyi9aan3V4rZnPiZaCaSoWnMgN4X7yTW2mDBz2,15840,0.17721688930657178,0.23076923076923078
16GMHo9HZv8CcJy4WLoMaU9qusgzx2wxKDLbXStEBvt5274B,10876,0.12167998030923452,0.07692307692307693
13SkL2uACPqBzpKBh3d2n5msYNFB2QapA5vEDeKeLjG2LS3Y,10000,0.11187934930970442,0.07692307692307693
SmallVotersCombined,323,0.003613702982703453,0.0
153YD8ZHD9dRh82U419bSCB5SzWhbdAFzjj4NtA5pMazR2yC,100,0.0011187934930970442,0.0
