address,weight,weight_fraction,power
12ptvyToMoRyi9aan3V4rZnPiZaCaSoWnMgN4X7yTW2mDBz2,15840,0.509783728115345,1.0
16fWQ4YeaU9s8ofNCbwBrXZ99RUYfiaRb8X4j1T73MKuPYWq,13701,0.4409436148300721,0.0
15a9VMaAj2ZKVN3fA97r9kPVppiJLjSXmsYLQKhVnPEPCQbv,1160,0.03733264675592173,0.0
SmallVotersCombined,158,0.005084963954685891,0.0
153YD8ZHD9dRh82U419bSCB5SzWhbdAFzjj4NtA5pMazR2yC,153,0.0049240473738414005,0.0
12s37eSMQPEN5cuVyBxk2UypUHntwumqBHy7sJkoKpZ1v3HV,60,0.0019309989701338827,0.0
